{
    "nickname": "frp",
    "startCommand": "./frpc",
    "stopCommand": "^c",
    "cwd": "data/InstanceData/63af6014618148c9ac2fd0aeea4af138",
    "ie": "utf8",
    "oe": "utf8",
    "createDatetime": 1764380206598,
    "lastDatetime": 1764380341210,
    "type": "universal",
    "tag": [],
    "endTime": 0,
    "fileCode": "utf8",
    "processType": "general",
    "updateCommand": "",
    "runAs": "",
    "crlf": 1,
    "category": 0,
    "basePort": 10025,
    "enableRcon": false,
    "rconPassword": "",
    "rconPort": 0,
    "rconIp": "",
    "actionCommandList": [],
    "terminalOption": {
        "haveColor": false,
        "pty": true,
        "ptyWindowCol": 164,
        "ptyWindowRow": 40
    },
    "eventTask": {
        "autoStart": true,
        "autoRestart": true,
        "autoRestartMaxTimes": -1,
        "ignore": false
    },
    "docker": {
        "containerName": "",
        "image": "",
        "ports": [],
        "extraVolumes": [],
        "memory": 0,
        "memorySwap": null,
        "memorySwappiness": null,
        "networkMode": "bridge",
        "networkAliases": [],
        "cpusetCpus": "",
        "cpuUsage": 0,
        "maxSpace": 0,
        "io": 0,
        "network": 0,
        "workingDir": "/data",
        "env": [],
        "changeWorkdir": true
    },
    "pingConfig": {
        "ip": "",
        "port": 25565,
        "type": 1
    },
    "extraServiceConfig": {
        "openFrpTunnelId": "",
        "openFrpToken": "",
        "isOpenFrp": false
    }
}